{
    "TP (True Positive)": 53,
    "TN (True Negative)": 36,
    "FP (False Positive)": 4,
    "FN (False Negative)": 8,
    "Accuracy": 0.8811881188118812,
    "Precision": 0.9298245614035088,
    "Recall": 0.8688524590163934
}