{
    "TP (True Positive)": 46,
    "TN (True Negative)": 36,
    "FP (False Positive)": 5,
    "FN (False Negative)": 6,
    "Accuracy": 0.8817204301075269,
    "Precision": 0.9019607843137255,
    "Recall": 0.8846153846153846
}