{
    "TP (True Positive)": 26,
    "TN (True Negative)": 17,
    "FP (False Positive)": 3,
    "FN (False Negative)": 4,
    "Accuracy": 0.86,
    "Precision": 0.896551724137931,
    "Recall": 0.8666666666666667
}