{
    "TP (True Positive)": 34,
    "TN (True Negative)": 34,
    "FP (False Positive)": 14,
    "FN (False Negative)": 11,
    "Accuracy": 0.7311827956989247,
    "Precision": 0.7083333333333334,
    "Recall": 0.7555555555555555
}