{
    "0": {
        "gedung": 0.0037040195016555767,
        "bawaslu": 0.0035857315413586094,
        "ri": 0.00334441832634573,
        "bakar": 0.0035857315413586094,
        "unjuk": 0.0032492585128122715,
        "rasa": 0.0032492585128122715,
        "kait": 0.003899183410603453,
        "pilih": 0.00401657961554695,
        "umum": 0.00401657961554695,
        "video": 0.0036985676691514715,
        "xi": 0.002845026522729334,
        "jinping": 0.002845026522729334,
        "minta": 0.003237164473768362,
        "jokowi": 0.004255822677526266,
        "serah": 0.002845026522729334,
        "tanah": 0.002845026522729334,
        "kalimantan": 0.003299787511572639,
        "jamin": 0.003299787511572639,
        "puan": 0.0032536198165972943,
        "maharani": 0.0032536198165972943,
        "baca": 0.0032536198165972943,
        "hak": 0.003175761787342647,
        "angket": 0.003175761787342647,
        "curang": 0.003914255761639798,
        "makzul": 0.0032536198165972943,
        "presiden": 0.003630522776185952,
        "rusuh": 0.002845026522729334,
        "kpu": 0.0037953037254422933,
        "hashim": 0.002845026522729334,
        "sebut": 0.002845026522729334,
        "aniesmuhaimin": 0.003620674008706753,
        "menang": 0.0034013564405183973,
        "gibran": 0.002845026522729334,
        "picu": 0.002845026522729334,
        "kalah": 0.002845026522729334,
        "prabowo": 0.003293184181059652,
        "ucap": 0.0034871016988075577,
        "selamat": 0.0034871016988075577,
        "pilpres": 0.0033647533671216827,
        "amuk": 0.003193593590319581,
        "adi": 0.002845026522729334,
        "tunjuk": 0.002845026522729334,
        "bukti": 0.002845026522729334,
        "klaim": 0.002845026522729334,
        "cara": 0.002845026522729334,
        "kerja": 0.002845026522729334,
        "chart": 0.002845026522729334,
        "gelembung": 0.0033647533671216827,
        "suara": 0.004103391812966502,
        "soeharto": 0.003594114228153928,
        "komentar": 0.003594114228153928,
        "kondisi": 0.003594114228153928,
        "demokrasi": 0.003594114228153928,
        "indonesia": 0.003594114228153928,
        "kpps": 0.0034871016988075577,
        "jawa": 0.0034871016988075577,
        "timur": 0.0034871016988075577,
        "aku": 0.004092370949270971,
        "paslon": 0.003641751248649899,
        "joget": 0.0031907593098483775,
        "oke": 0.0031907593098483775,
        "gas": 0.0031907593098483775,
        "dapat": 0.0034047323551518634,
        "bendera": 0.0031907593098483775,
        "china": 0.00371979579812409,
        "intervensi": 0.0031907593098483775,
        "maju": 0.002845026522729334,
        "jadwal": 0.002845026522729334,
        "tetap": 0.002845026522729334,
        "hasil": 0.003299787511572639,
        "februari": 0.002845026522729334,
        "kepala": 0.00334441832634573,
        "desa": 0.00334441832634573,
        "warga": 0.00334441832634573,
        "ntb": 0.0032492585128122715,
        "tim": 0.002845026522729334,
        "deklarasi": 0.002845026522729334,
        "hukum": 0.0037545485004159443,
        "cak": 0.002845026522729334,
        "imin": 0.002845026522729334,
        "istighotsah": 0.002845026522729334,
        "bareng": 0.002845026522729334,
        "tinggal": 0.002845026522729334,
        "lain": 0.002845026522729334,
        "icw": 0.002845026522729334,
        "lokataru": 0.002845026522729334,
        "jaga": 0.002845026522729334,
        "polisi": 0.002845026522729334,
        "kritis": 0.002845026522729334,
        "depan": 0.002845026522729334,
        "kantor": 0.002845026522729334,
        "maret": 0.0037722430523777738,
        "kades": 0.002845026522729334,
        "massa": 0.003299787511572639,
        "laku": 0.002845026522729334,
        "real": 0.002845026522729334,
        "count": 0.002845026522729334,
        "amin": 0.002845026522729334,
        "unggul": 0.003451374507853741,
        "hitung": 0.00397110135224609,
        "henti": 0.00397110135224609,
        "bongkar": 0.0034871016988075577,
        "nyata": 0.003299787511572639,
        "gus": 0.002845026522729334,
        "dur": 0.002845026522729334,
        "soal": 0.002845026522729334,
        "isi": 0.002845026522729334,
        "maling": 0.002845026522729334,
        "sebar": 0.002845026522729334,
        "konteks": 0.002845026522729334,
        "keliru": 0.002845026522729334,
        "tangkap": 0.0039061354966970457,
        "tidak": 0.0034068423017977797,
        "demo": 0.004620065961793042,
        "michelle": 0.002845026522729334,
        "obama": 0.002845026522729334,
        "jadi": 0.002845026522729334,
        "capres": 0.002845026522729334,
        "as": 0.002845026522729334,
        "mahfud": 0.003743931769238847,
        "md": 0.003743931769238847,
        "prabowogibran": 0.003572644104878622,
        "surya": 0.002845026522729334,
        "paloh": 0.002845026522729334,
        "cium": 0.002845026522729334,
        "tangan": 0.002845026522729334,
        "jabat": 0.002845026522729334,
        "tuju": 0.002845026522729334,
        "usul": 0.002845026522729334,
        "awal": 0.002845026522729334,
        "diskualifikasi": 0.002845026522729334,
        "pidato": 0.0034068423017977797,
        "pulau": 0.0034068423017977797,
        "hutang": 0.0034068423017977797,
        "temu": 0.003594114228153928,
        "persen": 0.003451374507853741,
        "quotreal": 0.003594114228153928,
        "countquot": 0.003594114228153928,
        "perintah": 0.003594114228153928,
        "tolak": 0.004209309489259249,
        "raya": 0.002845026522729334,
        "dukung": 0.002845026522729334,
        "oleh": 0.002845026522729334,
        "kuasa": 0.003968658080866225,
        "sebab": 0.002845026522729334,
        "asrama": 0.002845026522729334,
        "aceh": 0.002845026522729334,
        "tahu": 0.002845026522729334,
        "harga": 0.003594114228153928,
        "beras": 0.003594114228153928,
        "naik": 0.003594114228153928,
        "borong": 0.003594114228153928,
        "pdip": 0.003594114228153928,
        "kampanye": 0.003594114228153928,
        "ricuh": 0.003594114228153928,
        "dpr": 0.003594114228153928,
        "bukan": 0.003594114228153928,
        "putus": 0.003968658080866225,
        "batal": 0.003968658080866225
    },
    "1": {
        "gedung": 0.002836088128948569,
        "bawaslu": 0.00322699407621021,
        "ri": 0.002836088128948569,
        "bakar": 0.0033572960586307574,
        "unjuk": 0.003289420367387638,
        "rasa": 0.003289420367387638,
        "kait": 0.003182701917742631,
        "pilih": 0.003780464409350496,
        "umum": 0.003780464409350496,
        "video": 0.004125795830420823,
        "xi": 0.003333910962801081,
        "jinping": 0.003333910962801081,
        "minta": 0.0035744660293316687,
        "jokowi": 0.003372886735557767,
        "serah": 0.003333910962801081,
        "tanah": 0.003333910962801081,
        "kalimantan": 0.0032390501186721856,
        "jamin": 0.0032390501186721856,
        "puan": 0.002836088128948569,
        "maharani": 0.002836088128948569,
        "baca": 0.002836088128948569,
        "hak": 0.0033541821157360764,
        "angket": 0.0033541821157360764,
        "curang": 0.003617450498544996,
        "makzul": 0.002836088128948569,
        "presiden": 0.002836088128948569,
        "rusuh": 0.003396138817032645,
        "kpu": 0.003916000619891778,
        "hashim": 0.003396138817032645,
        "sebut": 0.003396138817032645,
        "aniesmuhaimin": 0.00384225318747133,
        "menang": 0.003952954781729435,
        "gibran": 0.003742752605826707,
        "picu": 0.003396138817032645,
        "kalah": 0.003396138817032645,
        "prabowo": 0.0036737437302235137,
        "ucap": 0.002836088128948569,
        "selamat": 0.002836088128948569,
        "pilpres": 0.0032390501186721856,
        "amuk": 0.0036179000234718506,
        "adi": 0.003396138817032645,
        "tunjuk": 0.0036923823571112548,